{"schemaVersion":"1.0","appDefinitionTemplate":{"id":"/providers/Microsoft.PowerApps/apps/","type":"Microsoft.PowerApps/apps","tags":{"primaryDeviceWidth":"1136","primaryDeviceHeight":"640","sienaVersion":"20220418T182602Z-3.22041.27.0","deviceCapabilities":"","supportsPortrait":"true","supportsLandscape":"true","primaryFormFactor":"Phone","publisherVersion":"3.22041.27","minimumRequiredApiVersion":"2.2.0","hasComponent":"false","hasUnlockedComponent":"false","isUnifiedRootApp":"false"},"properties":{"appVersion":"2022-04-18T18:26:02Z","lifeCycleId":"Published","createdByClientVersion":{"major":3,"minor":22041,"build":27,"revision":0,"majorRevision":0,"minorRevision":0},"minClientVersion":{"major":3,"minor":22041,"build":27,"revision":0,"majorRevision":0,"minorRevision":0},"backgroundColor":"RGBA(0,176,240,1)","backgroundImageUri":"/5262631597358811247/Nd51b7a1a-d406-4088-bc10-9aaa4a4dbcbe-logoSmallFile","displayName":"Canon","description":"Game for fun","commitMessage":"Fill_game_bg","appUris":{"documentUri":{"value":"/5262631597358811247/Na55aa968-16a1-468e-b7ae-76221befbbe6-document.msapp"},"imageUris":[],"additionalUris":[]},"createdTime":"0001-01-01T00:00:00Z","lastModifiedTime":"0001-01-01T00:00:00Z","sharedGroupsCount":0,"sharedUsersCount":0,"icons":{"smallIconUri":"/5262631597358811247/N252af1cf-23b4-4fba-96e5-7870ac75c4f1-small.png","mediumIconUri":"/5262631597358811247/N2ca5aa31-6aac-49dc-ace8-e78fd8c103ed-medium.png","largeIconUri":"/5262631597358811247/N51a478fd-bf94-476c-9415-059199ece1eb-large.png","wideIconUri":"/5262631597358811247/Nef6d60a7-df3e-48a4-ac48-62cb1d5ee87b-wide.png"},"connectionReferences":{},"databaseReferences":{},"almMode":"Environment","performanceOptimizationEnabled":true,"canConsumeAppPass":true,"executionRestrictions":{"isTeamsOnly":false,"dataLossPreventionEvaluationResult":{"status":"Compliant","lastEvaluationDate":"2022-04-05T17:13:36.8391186Z","violations":[],"violationsByPolicy":[],"violationErrorMessage":"The app uses the following connectors: ."}}},"appType":"ClassicCanvasApp","appComponents":[]}}